{"session_file": "6288290922214", "phone": "6288290922214", "register_time": 1641192792, "app_id": 13729328, "app_hash": "9344d5d46317f096d8bde457e1a9bf53", "sdk": "15.0", "app_version": "8.3", "device": "iPhoneXs", "last_check_time": 1641192792, "avatar": "img/default.png", "first_name": "Q1306_04", "last_name": null, "username": "Q1306_04", "sex": 0, "lang_pack": "hi", "system_lang_pack": "en-FK", "twoFA": "35466534", "ipv6": "false", "true_lang_pack": "null", "official_params": "false", "hide_proxy": "false", "device_token": "null", "proxy": "null"}